rng,value,bin
python,0.6394267984578837,6
python,0.025010755222666936,0
python,0.27502931836911926,2
python,0.22321073814882275,2
python,0.7364712141640124,7
python,0.6766994874229113,6
python,0.8921795677048454,8
python,0.08693883262941615,0
python,0.4219218196852704,4
python,0.029797219438070344,0
python,0.21863797480360336,2
python,0.5053552881033624,5
python,0.026535969683863625,0
python,0.1988376506866485,1
python,0.6498844377795232,6
python,0.5449414806032167,5
python,0.2204406220406967,2
python,0.5892656838759087,5
python,0.8094304566778266,8
python,0.006498759678061017,0
python,0.8058192518328079,8
python,0.6981393949882269,6
python,0.3402505165179919,3
python,0.15547949981178155,1
python,0.9572130722067812,9
python,0.33659454511262676,3
python,0.09274584338014791,0
python,0.09671637683346401,0
python,0.8474943663474598,8
python,0.6037260313668911,6
python,0.8071282732743802,8
python,0.7297317866938179,7
python,0.5362280914547007,5
python,0.9731157639793706,9
python,0.3785343772083535,3
python,0.552040631273227,5
python,0.8294046642529949,8
python,0.6185197523642461,6
python,0.8617069003107772,8
python,0.577352145256762,5
python,0.7045718362149235,7
python,0.045824383655662215,0
python,0.22789827565154686,2
python,0.28938796360210717,2
python,0.0797919769236275,0
python,0.23279088636103018,2
python,0.10100142940972912,1
python,0.2779736031100921,2
python,0.6356844442644002,6
python,0.36483217897008424,3
python,0.37018096711688264,3
python,0.2095070307714877,2
python,0.26697782204911336,2
python,0.936654587712494,9
python,0.6480353852465935,6
python,0.6091310056669882,6
python,0.171138648198097,1
python,0.7291267979503492,7
python,0.1634024937619284,1
python,0.3794554417576478,3
python,0.9895233506365952,9
python,0.6399997598540929,6
python,0.5569497437746462,5
python,0.6846142509898746,6
python,0.8428519201898096,8
python,0.7759999115462448,7
python,0.22904807196410437,2
python,0.03210024390403776,0
python,0.3154530480590819,3
python,0.26774087597570273,2
python,0.21098284358632646,2
python,0.9429097143350544,9
python,0.8763676264726689,8
python,0.3146778807984779,3
python,0.65543866529488,6
python,0.39563190106066426,3
python,0.9145475897405435,9
python,0.4588518525873988,4
python,0.26488016649805246,2
python,0.24662750769398345,2
python,0.5613681341631508,5
python,0.26274160852293527,2
python,0.5845859902235405,5
python,0.897822883602477,8
python,0.39940050514039727,3
python,0.21932075915728333,2
python,0.9975376064951103,9
python,0.5095262936764645,5
python,0.09090941217379389,0
python,0.04711637542473457,0
python,0.10964913035065915,1
python,0.62744604170309,6
python,0.7920793643629641,7
python,0.42215996679968404,4
python,0.06352770615195713,0
python,0.38161928650653676,3
python,0.9961213802400968,9
python,0.529114345099137,5
python,0.9710783776136181,9
python,0.8607797022344981,8
python,0.011481021942819636,0
python,0.7207218193601946,7
python,0.6817103690265748,6
python,0.5369703304087952,5
python,0.2668251899525428,2
python,0.6409617985798081,6
python,0.11155217359587644,1
python,0.434765250669105,4
python,0.45372370632920644,4
python,0.9538159275210801,9
python,0.8758529403781941,8
python,0.26338905075109076,2
python,0.5005861130502983,5
python,0.17865188053013137,1
python,0.9126278393448205,9
python,0.8705185698367669,8
python,0.2984447914486329,2
python,0.6389494948660052,6
python,0.6089702114381723,6
python,0.1528392685496348,1
python,0.7625108000751513,7
python,0.5393790301196257,5
python,0.7786264786305582,7
python,0.5303536721951775,5
python,0.0005718961279435053,0
python,0.3241560570046731,3
python,0.019476742385832302,0
python,0.9290986162646171,9
python,0.8787218778231842,8
python,0.8316655293611794,8
python,0.30751412540266143,3
python,0.05792516649418755,0
python,0.8780095992040405,8
python,0.9469494452979941,9
python,0.08565345206787878,0
python,0.4859904633166138,4
python,0.06921251846838361,0
python,0.7606021652572316,7
python,0.7658344293069878,7
python,0.1283914644997628,1
python,0.4752823780987313,4
python,0.5498035934949439,5
python,0.2650566289400591,2
python,0.8724330410852574,8
python,0.4231379402008869,4
python,0.21179820544208205,2
python,0.5392960887794583,5
python,0.7299310690899762,7
python,0.2011510633896959,2
python,0.31171629130089495,3
python,0.9951493566608947,9
python,0.6498780576394535,6
python,0.43810008391450406,4
python,0.5175758410355906,5
python,0.12100419586826572,1
python,0.22469733703155736,2
python,0.33808556214745533,3
python,0.5883087184572333,5
python,0.230114732596577,2
python,0.22021738445155947,2
python,0.07099308600903254,0
python,0.6311029572700989,6
python,0.22894178381115438,2
python,0.905420013006128,9
python,0.8596354002537465,8
python,0.07085734988865344,0
python,0.23800463436899522,2
python,0.6689777782962806,6
python,0.2142368073704386,2
python,0.132311848725025,1
python,0.935514240580671,9
python,0.5710430933252845,5
python,0.47267102631179414,4
python,0.7846194242907534,7
python,0.8074969977666434,8
python,0.1904099143618777,1
python,0.09693081422882333,0
python,0.4310511824063775,4
python,0.4235786230199208,4
python,0.467024668036675,4
python,0.7290758494598506,7
python,0.6733645472933015,6
python,0.9841652113659661,9
python,0.09841787115195888,0
python,0.4026212821022688,4
python,0.33930260539496315,3
python,0.8616725363527911,8
python,0.24865633392028563,2
python,0.1902089084408115,1
python,0.4486135478331319,4
python,0.4218816398344042,4
python,0.27854514466694047,2
python,0.2498064478821005,2
python,0.9232655992760128,9
python,0.44313074505345695,4
python,0.8613491047618306,8
python,0.5503253124498481,5
python,0.05058832952488124,0
python,0.9992824684127266,9
python,0.8360275850799519,8
python,0.9689962572847513,9
python,0.9263669830081276,9
python,0.8486957344143055,8
python,0.16631111060391401,1
python,0.48564112545071847,4
python,0.21374729919918167,2
python,0.4010402925494526,4
python,0.058635399972178925,0
python,0.3789731189769161,3
python,0.9853088437797259,9
python,0.26520305817215195,2
python,0.7840706019485694,7
python,0.4550083673391433,4
python,0.4230074859901629,4
python,0.9573176408596732,9
python,0.9954226894927138,9
python,0.5557683234056182,5
python,0.718408275296326,7
python,0.15479682527406413,1
python,0.2967078254945642,2
python,0.9687093649691588,9
python,0.5791802908162562,5
python,0.5421952013742742,5
python,0.7479755603790641,7
python,0.05716527290748308,0
python,0.5841775944589712,5
python,0.5028503829195136,5
python,0.8527198920482854,8
python,0.15743272793948326,1
python,0.9607789032744504,9
python,0.08011146524058688,0
python,0.1858249609807232,1
python,0.5950351064500277,5
python,0.6752125536040902,6
python,0.2352038950009312,2
python,0.11988661394712419,1
python,0.8902873141294375,8
python,0.24621534778862486,2
python,0.5945191535334412,5
python,0.6193815103321031,6
python,0.4192249153358725,4
python,0.5836722892912247,5
python,0.5227827155319589,5
python,0.9347062577364272,9
python,0.20425919942353643,2
python,0.7161918007894148,7
python,0.23868595261584602,2
python,0.3957858467912545,3
python,0.6716902229599713,6
python,0.2999970797987622,2
python,0.31617719627185403,3
python,0.7518644924144021,7
python,0.07254311449315731,0
python,0.4582855226185861,4
python,0.9984544408544423,9
python,0.9960964478550944,9
python,0.073260721099633,0
python,0.2131543122670404,2
python,0.26520041475040135,2
python,0.9332593779937091,9
python,0.8808641736864395,8
python,0.8792702424845428,8
python,0.36952708873888396,3
python,0.15774683235723197,1
python,0.833744954639807,8
python,0.703539925087371,7
python,0.6116777657259501,6
python,0.9872330636315043,9
python,0.6539763177107326,6
python,0.007823107152157949,0
python,0.8171041351154616,8
python,0.2993787521999779,2
python,0.6633887149660773,6
python,0.9389300039271039,9
python,0.13429111439336772,1
python,0.11542867041910221,1
python,0.10703597770941764,1
python,0.5532236408848159,5
python,0.2723482123148163,2
python,0.6048298270302239,6
python,0.7176121871387979,7
python,0.20359731232745293,2
python,0.6342379588850797,6
python,0.2639839016304094,2
python,0.48853185214937656,4
python,0.9053364910793232,9
python,0.8461037132948555,8
python,0.09229846771273342,0
python,0.42357577256372636,4
python,0.27668022397225167,2
python,0.0035456890877823,0
python,0.7711192230196271,7
python,0.6371133773013796,6
python,0.2619552624343482,2
python,0.7412309083479308,7
python,0.5516804211263913,5
python,0.42768691898067934,4
python,0.009669699608339966,0
python,0.07524386007376704,0
python,0.883106393300143,8
python,0.9039285715598931,9
python,0.5455902892055223,5
python,0.8345950198860167,8
python,0.582509566489794,5
python,0.14809378556748265,1
python,0.12744551928213876,1
python,0.3082583499301337,3
python,0.89898148874259,8
python,0.7961223048880417,7
python,0.8607025820009028,8
python,0.8989246365264746,8
python,0.21007653833975404,2
python,0.24952973922292443,2
python,0.10279362167178563,1
python,0.7801162418714427,7
python,0.8841347014510089,8
python,0.4063773898321168,4
python,0.6206615101507128,6
python,0.15455333833220464,1
python,0.9298810156936744,9
python,0.864605696219964,8
python,0.9762060329309629,9
python,0.8107717199403969,8
python,0.8814162046633244,8
python,0.024786361898188725,0
python,0.7365644717550821,7
python,0.33218546794642867,3
python,0.9308158860483255,9
python,0.8022351389371389,8
python,0.8640640283752794,8
python,0.810749316574389,8
python,0.26680570959447203,2
python,0.7873745091354711,7
python,0.10809562640295711,1
python,0.8721667829060897,8
python,0.8585932513377816,8
python,0.22243371754566443,2
python,0.816586605596929,8
python,0.4603032346789421,4
python,0.30519086733860057,3
python,0.7953454991528618,7
python,0.22759548740777036,2
python,0.02366443470145152,0
python,0.19312978832770866,1
python,0.3282619511977065,3
python,0.8643529420302863,8
python,0.9668891040483611,9
python,0.2791249927218714,2
python,0.6414817386076277,6
python,0.39967838436006087,3
python,0.9811496871982601,9
python,0.5362157324787219,5
python,0.9392371403247157,9
python,0.11534175185142759,1
python,0.970400611022228,9
python,0.17856781617246364,1
python,0.9625343157615555,9
python,0.2654663625229686,2
python,0.1084025472147111,1
python,0.43456375856464435,4
python,0.7285450606527043,7
python,0.31367731419499123,3
python,0.6062088533061433,6
python,0.5114230596694781,5
python,0.38519543334472717,3
python,0.5765880434965995,5
python,0.25472250613858194,2
python,0.7087852838341706,7
python,0.0016912782186294661,0
python,0.9255751654990827,9
python,0.5384519970927919,5
python,0.7194299991448455,7
python,0.7419500778394765,7
python,0.6706285044329995,6
python,0.3642214717812642,3
python,0.06997381112631018,0
python,0.6642376849112723,6
python,0.3302000360425964,3
python,0.31391564505835967,3
python,0.8480152795063355,8
python,0.7197542630139502,7
python,0.3003222682112642,3
python,0.30928466220865325,3
python,0.40839290861921684,4
python,0.40240038705772463,4
python,0.295655202525947,2
python,0.12728779905915322,1
python,0.4204463337729083,4
python,0.940363670730183,9
python,0.6773179452727329,6
python,0.9028055457325826,9
python,0.6155149159513805,6
python,0.3009498745655653,3
python,0.5479372131356982,5
python,0.0004059396972875273,0
python,0.2869137168689272,2
python,0.4298881499898346,4
python,0.579984781195682,5
python,0.6547056237030716,6
python,0.4649881902470142,4
python,0.4421597993048074,4
python,0.2137014009891003,2
python,0.47318618590932626,4
python,0.9011808258282542,9
python,0.7960247601267803,7
python,0.16969139619805473,1
python,0.08479553672512175,0
python,0.5154520099152164,5
python,0.6329408557657957,6
python,0.3351882554098009,3
python,0.8184234645366643,8
python,0.7511381375407322,7
python,0.672795670557167,6
python,0.22464066599728827,2
python,0.19912993272657664,1
python,0.024425387726826342,0
python,0.24484254407835015,2
python,0.47513634421880513,4
python,0.8497376946247319,8
python,0.0728282291845691,0
python,0.41444101099771935,4
python,0.6297653807377137,6
python,0.1944352367397093,1
python,0.6963542504905049,6
python,0.49437716901043693,4
python,0.24398443957843885,2
python,0.6560580111117841,6
python,0.00554481813803176,0
python,0.7509644766184729,7
python,0.7700461885740251,7
python,0.10658729656353894,1
python,0.4251461939427341,4
python,0.17588668170653166,1
python,0.9579660422795397,9
python,0.5179577504437408,5
python,0.05021838514064092,0
python,0.24919827965997166,2
python,0.8483363473516597,8
python,0.45646182547017256,4
python,0.8014166017222645,8
python,0.6675777325863531,6
python,0.987892453066448,9
python,0.5954523184694197,5
python,0.9500396084431559,9
python,0.891425925810437,8
python,0.6126523227617628,6
python,0.7192739612759671,7
python,0.504778164824402,5
python,0.830569169721415,8
python,0.5478719506108284,5
python,0.8972081032332622,8
python,0.7436554421595849,7
python,0.4746744368230533,4
python,0.25919154846501935,2
python,0.24723973750965955,2
python,0.6376614367761563,6
python,0.7658136842971655,7
python,0.5212998128279821,5
python,0.6267484369817813,6
python,0.2745974469175383,2
python,0.07748335386473582,0
python,0.2857281508631525,2
python,0.2717151070821846,2
python,0.3197095684187623,3
python,0.5401522225184564,5
python,0.13837406151615572,1
python,0.23126147972818678,2
python,0.6939498122990523,6
python,0.7064191416945522,7
python,0.06422885071387807,0
python,0.4075993696665867,4
python,0.5426111405039153,5
python,0.41577423410315595,4
python,0.20683438951441024,2
python,0.4201435177734256,4
python,0.9048384783401769,9
python,0.5840794142042252,5
python,0.6955229864979681,6
python,0.8567320323039342,8
python,0.7655945761180695,7
python,0.38038102892771164,3
python,0.0058960835839930725,0
python,0.3517588026718247,3
python,0.7534751250593859,7
python,0.8534479505691046,8
python,0.9534303384701063,9
python,0.41902128262982186,4
python,0.7475156689780508,7
python,0.5461323097338391,5
python,0.6032525889412413,6
python,0.2205386943238189,2
python,0.21942163462143616,2
python,0.4358359760466366,4
python,0.02902481994671524,0
python,0.33612954369838244,3
python,0.6791418850283497,6
python,0.4043166691376371,4
python,0.16504473120350882,1
python,0.46739014923231015,4
python,0.1276277972811607,1
python,0.6222569609740647,6
python,0.02696645190513769,0
python,0.3940202563397047,3
python,0.5643919830247741,5
python,0.027102046340312436,0
python,0.6427496480093358,6
python,0.13569948723056424,1
python,0.4616984440515117,4
python,0.05028463348862755,0
python,0.37910386418813957,3
python,0.21166028421148153,2
python,0.32684580488130854,3
python,0.7612297078940271,7
python,0.3791262155641363,3
python,0.7520098235547849,7
python,0.8319242851552726,8
python,0.2522715317823806,2
python,0.08190623276164255,0
python,0.01938328705001069,0
python,0.5394190479225337,5
python,0.9999078285092092,9
python,0.3499603437201839,3
python,0.650144093249875,6
python,0.7812330496108949,7
python,0.6517546552438894,6
python,0.7542332040595262,7
python,0.9496117327159889,9
python,0.1993606823625329,1
python,0.020380017320332344,0
python,0.15238234578479037,1
python,0.12622097487420625,1
python,0.6694588446199107,6
python,0.5639695819300191,5
python,0.21796454090650363,2
python,0.6994649712461508,6
python,0.7668980983562408,7
python,0.16778914336780226,1
python,0.6072474938909317,6
python,0.7479256519552858,7
python,0.11453287137889767,1
python,0.8193011743110851,8
python,0.9647207730340877,9
python,0.10809874965760657,1
python,0.025678425497466018,0
python,0.3119572443946952,3
python,0.6773472868504088,6
python,0.9581728382058959,9
python,0.3966544415166273,3
python,0.7150147050494684,7
python,0.07599647784305996,0
python,0.6906144159329803,6
python,0.6272423956010444,6
python,0.10190130544597653,1
python,0.772480884951224,7
python,0.8502932390887963,8
python,0.6004116148168441,6
python,0.12105506506731512,1
python,0.9838443515146713,9
python,0.7826353463610196,7
python,0.347203765308449,3
python,0.42837801323474445,4
python,0.3705708762180562,3
python,0.5059607896770779,5
python,0.3412311748612832,3
python,0.8495756269995773,8
python,0.8223309180900581,8
python,0.10553887064399858,1
python,0.9607875672145786,9
python,0.6355851061014459,6
python,0.8287073110024582,8
python,0.7073086437060769,7
python,0.43548714500767705,4
python,0.7337953040133919,7
python,0.9654737312380777,9
python,0.27008239638740084,2
python,0.8081992188067559,8
python,0.5381729064482558,5
python,0.4834975038831961,4
python,0.4355744930038943,4
python,0.7310262143051223,7
python,0.26839553804922534,2
python,0.8517131600193318,8
python,0.8307310188906034,8
python,0.0866628980556744,0
python,0.881631184002772,8
python,0.243863439190956,2
python,0.46470846660323173,4
python,0.6103317042305206,6
python,0.37898930412826404,3
python,0.02869999777008958,0
python,0.8509528363124591,8
python,0.1818398571576918,1
python,0.212119850179739,2
python,0.7978323568280965,7
python,0.34033884316428364,3
python,0.8803199797582254,8
python,0.7011837503322016,7
python,0.2762685757561849,2
python,0.010151114438677111,0
python,0.9480625777770312,9
python,0.08561296195802126,0
python,0.7200746641041943,7
python,0.48857784684878736,4
python,0.7581646534824664,7
python,0.690609339446523,6
python,0.6459028997409523,6
python,0.49082133507858616,4
python,0.7929328681323174,7
python,0.09305335055467168,0
python,0.22159640047253015,2
python,0.6917871552952018,6
python,0.3062060301300884,3
python,0.5815555853323672,5
python,0.47326048875952476,4
python,0.5309219311457678,5
python,0.42550381270521476,4
python,0.7459354367136096,7
python,0.33079129719593015,3
python,0.7028549421857689,7
python,0.27091642697619633,2
python,0.2514036762009415,2
python,0.12065588475230582,1
python,0.1925842934515174,1
python,0.11955474125505283,1
python,0.5358639653837498,5
python,0.762189609484103,7
python,0.18514984243766197,1
python,0.21638463987860568,2
python,0.4841985872127087,4
python,0.7245850010930516,7
python,0.9766070228830568,9
python,0.5246368691086079,5
python,0.282998703274955,2
python,0.10052610809079077,1
python,0.19411757809107344,1
python,0.2274831634825547,2
python,0.17944154368540333,1
python,0.014148367256063832,0
python,0.5341350892676633,5
python,0.2743113267832673,2
python,0.9742949311027379,9
python,0.5533589667986083,5
python,0.6974173929101944,6
python,0.1262794929584089,1
python,0.868461197262944,8
python,0.49087869452377886,4
python,0.8727197349985346,8
python,0.5740642196263323,5
python,0.4693969449305102,4
python,0.44046879813601025,4
python,0.18436367039008172,1
python,0.051376717183577836,0
python,0.9410635967681032,9
python,0.4777291872656877,4
python,0.8221156452994304,8
python,0.40070744225193977,4
python,0.07408217025563979,0
python,0.6294457069519983,6
python,0.05360907429253314,0
python,0.14919758447365516,1
python,0.5628395970845642,5
python,0.3038355118422277,3
python,0.9939181227102202,9
python,0.11845156221146158,1
python,0.7644434453261942,7
python,0.6063176512429628,6
python,0.7907408298434194,7
python,0.22568713706503463,2
python,0.5225725351302178,5
python,0.45051446488875424,4
python,0.44272100401932835,4
python,0.8601666658261801,8
python,0.9900312604667979,9
python,0.3053802443193604,3
python,0.6210273210721485,6
python,0.6096309122451303,6
python,0.740089305484545,7
python,0.947590200325378,9
python,0.20778790582355133,2
python,0.211025195305393,2
python,0.6604281371920366,6
python,0.15705709338087714,1
python,0.17381354832643447,1
python,0.07506486890116792,0
python,0.002675722602885733,0
python,0.4505037046177024,4
python,0.5938111951195633,5
python,0.2912592890310276,2
python,0.23147623455602584,2
python,0.7069558298790333,7
python,0.7029875580937172,7
python,0.45403132640704325,4
python,0.6873849200712427,6
python,0.9239110444825487,9
python,0.7878280266467313,7
python,0.6250580071642219,6
python,0.6611830428533678,6
python,0.9336684584455133,9
python,0.42513896610421165,4
python,0.5445623787105787,5
python,0.6476347234024807,6
python,0.9084114452126061,9
python,0.8266311596500596,8
python,0.07140983685581415,0
python,0.16592278922072468,1
python,0.30761181261423254,3
python,0.7489577220696233,7
python,0.5692070493190924,5
python,0.28861058830584174,2
python,0.12435365817470823,1
python,0.6886779912120937,6
python,0.6997336849757173,6
python,0.9426762407440408,9
python,0.5004721771179256,5
python,0.4937952193450843,4
python,0.08044185189930098,0
python,0.03986078418361305,0
python,0.43202866416077257,4
python,0.32232158335829997,3
python,0.2503679024120039,2
python,0.0913268866309852,0
python,0.9619111021928367,9
python,0.8359586139061813,8
python,0.5751991092199304,5
python,0.9507862778063524,9
python,0.9995724168774514,9
python,0.6722815843032393,6
python,0.2695110259670539,2
python,0.040231673144616176,0
python,0.7562688304125571,7
python,0.47050082325163356,4
python,0.6515094894336864,6
python,0.9160727879267675,9
python,0.18148914722312592,1
python,0.5853296252778544,5
python,0.6347847194540869,6
python,0.49172580219101336,4
python,0.09124240629382718,0
python,0.34796105629465046,3
python,0.333308393665092,3
python,0.6701335095211854,6
python,0.8577330944003526,8
python,0.3298036635789654,3
python,0.6936736739834325,6
python,0.28821779536145575,2
python,0.9451935395632106,9
python,0.8135660347379726,8
python,0.5500966089717829,5
python,0.45482590860172945,4
python,0.3145171571701679,3
python,0.3232737862759947,3
python,0.9701847268085771,9
python,0.40417505700074563,4
python,0.5145962523291051,5
python,0.9881192147817541,9
python,0.657660386483129,6
python,0.542593594357195,5
python,0.4132475707993215,4
python,0.18758254139452712,1
python,0.36177935915167525,3
python,0.7564431540555737,7
python,0.625408742145009,6
python,0.759990536061017,7
python,0.20355823835027387,2
python,0.5492196390853317,5
python,0.9276727608444477,9
python,0.43811609507237825,4
python,0.6982500291221723,6
python,0.12142608336261984,1
python,0.9731468158216944,9
python,0.6088716670819649,6
python,0.23929746232765037,2
python,0.1583781638052324,1
python,0.55083900700267,5
python,0.552251409053733,5
python,0.09320920128152255,0
python,0.9922571393952196,9
python,0.912929878484168,9
python,0.4614478941787834,4
python,0.11746614908955755,1
python,0.8321431737689012,8
python,0.49837550470719527,4
python,0.7166033259917911,7
python,0.5088720150695117,5
python,0.2734248967132742,2
python,0.8347239455766944,8
python,0.9802446326033755,9
python,0.24373090607513836,2
python,0.5512650768804697,5
python,0.3835860132471499,3
python,0.9218681499315619,9
python,0.508240891592894,5
python,0.8793262551464761,8
python,0.8640269344285881,8
python,0.27624740282204097,2
python,0.7900061820031135,7
python,0.41494242355134514,4
python,0.9342483936825201,9
python,0.5077376758096565,5
python,0.8205494731855784,8
python,0.28283898328282664,2
python,0.2985558497717672,2
python,0.5869377224141611,5
python,0.9989023332293387,9
python,0.489640346655701,4
python,0.1485954183827891,1
python,0.5385805777038737,5
python,0.34512394169300753,3
python,0.551917417070811,5
python,0.543430062958673,5
python,0.4553446168665011,4
python,0.3217773502290374,3
python,0.18865237370710541,1
python,0.6974984276205713,6
python,0.5717976419849011,5
python,0.2335624460578931,2
python,0.7755444750992588,7
python,0.04364729909730192,0
python,0.7447051515651959,7
python,0.7052278810250026,7
python,0.8114089025648769,8
python,0.38607875249098234,3
python,0.6636888294845347,6
python,0.820747551709555,8
python,0.9808181386597851,9
python,0.49532864961642353,4
python,0.03701961134557619,0
python,0.5022911501329659,5
python,0.590180429309567,5
python,0.8697003133622154,8
python,0.8741903740543083,8
python,0.44030620977067714,4
python,0.5259510868075614,5
python,0.4569280744742422,4
python,0.7224438275706426,7
python,0.4099786197463644,4
python,0.6547813264277338,6
python,0.15436121877154885,1
python,0.46949060098473194,4
python,0.9692036305742172,9
python,0.3385612340514317,3
python,0.692704598586882,6
python,0.6498366525792726,6
python,0.8517652923506914,8
python,0.8523413365658931,8
python,0.8593421841682666,8
python,0.38000939752265506,3
python,0.31666115393339966,3
python,0.718717425222983,7
python,0.7594018093343636,7
python,0.8723830173985363,8
python,0.03589909983768658,0
python,0.06842074718155144,0
python,0.6311610168546405,6
python,0.9209290987802967,9
python,0.9974259229562153,9
python,0.746766366737927,7
python,0.4339714719231257,4
python,0.09844312638319797,0
python,0.6337478287807913,6
python,0.8725792326070907,8
python,0.4436785516617058,4
python,0.6940011627932345,6
python,0.903424062050486,9
python,0.04599096867721275,0
python,0.7961434651622118,7
python,0.2933677759652088,2
python,0.37484108977531483,3
python,0.14556979569939843,1
python,0.53116631814876,5
python,0.5659280619159368,5
python,0.7925194738809532,7
python,0.16998364906809738,1
python,0.07896835065999463,0
python,0.8708395986448548,8
python,0.6197103685374153,6
python,0.24082979185631304,2
python,0.9128290160235548,9
python,0.14311772012850965,1
python,0.46114991335499755,4
python,0.2539773394135423,2
python,0.25532670815915404,2
python,0.009397431454871041,0
python,0.8046330769751463,8
python,0.901209423598883,9
python,0.6776108856990795,6
python,0.15797562207178695,1
python,0.44172978360381443,4
python,0.3455656244430817,3
python,0.5875717051264214,5
python,0.6389387023600122,6
python,0.4243089384608977,4
python,0.25009822440770124,2
python,0.8453039251425987,8
python,0.19921699910889235,1
python,0.38469324896734547,3
python,0.4832080610592161,4
python,0.23720570192757462,2
python,0.5719226923507389,5
python,0.5748119301786451,5
python,0.9926920436268976,9
python,0.29523075388326936,2
python,0.9779444845768627,9
python,0.6582298159286807,6
python,0.27448038017822773,2
python,0.565929016955699,5
python,0.6857994927340121,6
python,0.7446688411653252,7
python,0.04904425077599994,0
python,0.6064064930764745,6
python,0.4967272865238703,4
python,0.9041552908937254,9
python,0.28619415145919447,2
python,0.7988601195075987,7
python,0.607064998164266,6
python,0.35232095583531653,3
python,0.6366178780058919,6
python,0.6208911631303041,6
python,0.6777644586233594,6
python,0.720928376670709,7
python,0.6591815403167537,6
python,0.8383371169625166,8
python,0.6282481036868983,6
python,0.9034037040729679,9
python,0.6463406088905228,6
python,0.3089328839526361,3
python,0.4408231901628116,4
python,0.5795738053684028,5
python,0.7323597679392383,7
python,0.09013337574621894,0
python,0.2951104516291553,2
python,0.7474808649383715,7
python,0.17564007044430663,1
python,0.13215979774678355,1
python,0.5394077589844211,5
python,0.9714895812113399,9
python,0.530852373702785,5
python,0.9134869744816969,9
python,0.8304726195673974,8
python,0.2569700845632623,2
python,0.8246898125424073,8
python,0.4818478298737412,4
python,0.8064884937937665,8
python,0.746559350717045,7
python,0.3387152538018863,3
python,0.1151697074497594,1
python,0.9628932928688776,9
python,0.14075701500588267,1
python,0.9665002094627521,9
python,0.8601405968988218,8
python,0.7242167120755182,7
python,0.9799422427819034,9
python,0.9672697473000323,9
python,0.8045876440205619,8
python,0.3657750494055664,3
python,0.7906819685889375,7
python,0.013918655100901178,0
python,0.5365723082690591,5
python,0.45478602773387466,4
python,0.6728283818737536,6
python,0.6723407973510132,6
python,0.584560091652166,5
python,0.8224173012267743,8
python,0.9402918917795542,9
python,0.10834610219923069,1
python,0.23382190221158317,2
python,0.025024649646482322,0
python,0.8842348452148522,8
python,0.5614073822498789,5
python,0.9152559087431594,9
python,0.22136720007399002,2
python,0.06321704116019544,0
python,0.8238553513904476,8
python,0.909387638427892,9
python,0.30219017452925023,3
python,0.4082958557954127,4
python,0.13977701250722108,1
python,0.9462615328819463,9
python,0.3043645843560052,3
python,0.49262461897820586,4
python,0.0971919986218216,0
python,0.8872593085285023,8
python,0.13566404870633653,1
python,0.4536437568888926,4
python,0.6704862188501712,6
python,0.7431401215231715,7
python,0.9459740857794321,9
python,0.41912675341472283,4
python,0.7422690147653158,7
python,0.15452290240983502,1
python,0.4148845274368069,4
python,0.0990216347105285,0
python,0.4893470377896145,4
python,0.4081158856977005,4
python,0.9515215253810595,9
python,0.032716286855046905,0
python,0.3705299587344354,3
python,0.44338308606070165,4
python,0.950555169851427,9
python,0.8554501933059546,8
numpy,0.3745401188473625,3
numpy,0.9507143064099162,9
numpy,0.7319939418114051,7
numpy,0.5986584841970366,5
numpy,0.15601864044243652,1
numpy,0.15599452033620265,1
numpy,0.05808361216819946,0
numpy,0.8661761457749352,8
numpy,0.6011150117432088,6
numpy,0.7080725777960455,7
numpy,0.020584494295802447,0
numpy,0.9699098521619943,9
numpy,0.8324426408004217,8
numpy,0.21233911067827616,2
numpy,0.18182496720710062,1
numpy,0.18340450985343382,1
numpy,0.3042422429595377,3
numpy,0.5247564316322378,5
numpy,0.43194501864211576,4
numpy,0.2912291401980419,2
numpy,0.6118528947223795,6
numpy,0.13949386065204183,1
numpy,0.29214464853521815,2
numpy,0.3663618432936917,3
numpy,0.45606998421703593,4
numpy,0.7851759613930136,7
numpy,0.19967378215835974,1
numpy,0.5142344384136116,5
numpy,0.5924145688620425,5
numpy,0.046450412719997725,0
numpy,0.6075448519014384,6
numpy,0.17052412368729153,1
numpy,0.06505159298527952,0
numpy,0.9488855372533332,9
numpy,0.9656320330745594,9
numpy,0.8083973481164611,8
numpy,0.3046137691733707,3
numpy,0.09767211400638387,0
numpy,0.6842330265121569,6
numpy,0.4401524937396013,4
numpy,0.12203823484477883,1
numpy,0.4951769101112702,4
numpy,0.034388521115218396,0
numpy,0.9093204020787821,9
numpy,0.2587799816000169,2
numpy,0.662522284353982,6
numpy,0.31171107608941095,3
numpy,0.5200680211778108,5
numpy,0.5467102793432796,5
numpy,0.18485445552552704,1
numpy,0.9695846277645586,9
numpy,0.7751328233611146,7
numpy,0.9394989415641891,9
numpy,0.8948273504276488,8
numpy,0.5978999788110851,5
numpy,0.9218742350231168,9
numpy,0.0884925020519195,0
numpy,0.1959828624191452,1
numpy,0.045227288910538066,0
numpy,0.32533033076326434,3
numpy,0.388677289689482,3
numpy,0.2713490317738959,2
numpy,0.8287375091519293,8
numpy,0.3567533266935893,3
numpy,0.28093450968738076,2
numpy,0.5426960831582485,5
numpy,0.14092422497476265,1
numpy,0.8021969807540397,8
numpy,0.07455064367977082,0
numpy,0.9868869366005173,9
numpy,0.7722447692966574,7
numpy,0.1987156815341724,1
numpy,0.005522117123602399,0
numpy,0.8154614284548342,8
numpy,0.7068573438476171,7
numpy,0.7290071680409873,7
numpy,0.7712703466859457,7
numpy,0.07404465173409036,0
numpy,0.3584657285442726,3
numpy,0.11586905952512971,1
numpy,0.8631034258755935,8
numpy,0.6232981268275579,6
numpy,0.3308980248526492,3
numpy,0.06355835028602363,0
numpy,0.3109823217156622,3
numpy,0.32518332202674705,3
numpy,0.7296061783380641,7
numpy,0.6375574713552131,6
numpy,0.8872127425763265,8
numpy,0.4722149251619493,4
numpy,0.1195942459383017,1
numpy,0.713244787222995,7
numpy,0.7607850486168974,7
numpy,0.5612771975694962,5
numpy,0.770967179954561,7
numpy,0.49379559636439074,4
numpy,0.5227328293819941,5
numpy,0.42754101835854963,4
numpy,0.02541912674409519,0
numpy,0.10789142699330445,1
numpy,0.03142918568673425,0
numpy,0.6364104112637804,6
numpy,0.3143559810763267,3
numpy,0.5085706911647028,5
numpy,0.907566473926093,9
numpy,0.24929222914887494,2
numpy,0.41038292303562973,4
numpy,0.7555511385430487,7
numpy,0.22879816549162246,2
numpy,0.07697990982879299,0
numpy,0.289751452913768,2
numpy,0.16122128725400442,1
numpy,0.9296976523425731,9
numpy,0.808120379564417,8
numpy,0.6334037565104235,6
numpy,0.8714605901877177,8
numpy,0.8036720768991145,8
numpy,0.18657005888603584,1
numpy,0.8925589984899778,8
numpy,0.5393422419156507,5
numpy,0.8074401551640625,8
numpy,0.8960912999234932,8
numpy,0.3180034749718639,3
numpy,0.11005192452767676,1
numpy,0.22793516254194168,2
numpy,0.4271077886262563,4
numpy,0.8180147659224931,8
numpy,0.8607305832563434,8
numpy,0.006952130531190703,0
numpy,0.5107473025775657,5
numpy,0.417411003148779,4
numpy,0.22210781047073025,2
numpy,0.1198653673336828,1
numpy,0.33761517140362796,3
numpy,0.9429097039125192,9
numpy,0.32320293202075523,3
numpy,0.5187906217433661,5
numpy,0.7030189588951778,7
numpy,0.363629602379294,3
numpy,0.9717820827209607,9
numpy,0.9624472949421112,9
numpy,0.25178229582536416,2
numpy,0.49724850589238545,4
numpy,0.30087830981676966,3
numpy,0.2848404943774676,2
numpy,0.036886947354532795,0
numpy,0.6095643339798968,6
numpy,0.5026790232288615,5
numpy,0.05147875124998935,0
numpy,0.27864646423661144,2
numpy,0.9082658859666537,9
numpy,0.23956189066697242,2
numpy,0.1448948720912231,1
numpy,0.489452760277563,4
numpy,0.9856504541106007,9
numpy,0.2420552715115004,2
numpy,0.6721355474058786,6
numpy,0.7616196153287176,7
numpy,0.23763754399239967,2
numpy,0.7282163486118596,7
numpy,0.3677831327192532,3
numpy,0.6323058305935795,6
numpy,0.6335297107608947,6
numpy,0.5357746840747585,5
numpy,0.0902897700544083,0
numpy,0.835302495589238,8
numpy,0.32078006497173583,3
numpy,0.18651851039985423,1
numpy,0.040775141554763916,0
numpy,0.5908929431882418,5
numpy,0.6775643618422824,6
numpy,0.016587828927856152,0
numpy,0.512093058299281,5
numpy,0.22649577519793795,2
numpy,0.6451727904094499,6
numpy,0.17436642900499144,1
numpy,0.690937738102466,6
numpy,0.3867353463005374,3
numpy,0.9367299887367345,9
numpy,0.13752094414599325,1
numpy,0.3410663510502585,3
numpy,0.11347352124058907,1
numpy,0.9246936182785628,9
numpy,0.877339353380981,8
numpy,0.2579416277151556,2
numpy,0.659984046034179,6
numpy,0.8172222002012158,8
numpy,0.5552008115994623,5
numpy,0.5296505783560065,5
numpy,0.24185229090045168,2
numpy,0.09310276780589921,0
numpy,0.8972157579533268,8
numpy,0.9004180571633305,9
numpy,0.6331014572732679,6
numpy,0.3390297910487007,3
numpy,0.3492095746126609,3
numpy,0.7259556788702394,7
numpy,0.8971102599525771,8
numpy,0.8870864242651173,8
numpy,0.7798755458576239,7
numpy,0.6420316461542878,6
numpy,0.08413996499504883,0
numpy,0.16162871409461377,1
numpy,0.8985541885270792,8
numpy,0.6064290596595899,6
numpy,0.009197051616629648,0
numpy,0.1014715428660321,1
numpy,0.6635017691080558,6
numpy,0.005061583846218687,0
numpy,0.16080805141749865,1
numpy,0.5487337893665861,5
numpy,0.6918951976926933,6
numpy,0.6519612595026005,6
numpy,0.22426930946055978,2
numpy,0.7121792213475359,7
numpy,0.23724908749680007,2
numpy,0.3253996981592677,3
numpy,0.7464914051180241,7
numpy,0.6496328990472147,6
numpy,0.8492234104941779,8
numpy,0.6576128923003434,6
numpy,0.5683086033354716,5
numpy,0.09367476782809248,0
numpy,0.3677158030594335,3
numpy,0.26520236768172545,2
numpy,0.24398964337908358,2
numpy,0.9730105547524456,9
numpy,0.3930977246667604,3
numpy,0.8920465551771133,8
numpy,0.6311386259972629,6
numpy,0.7948113035416484,7
numpy,0.5026370931051921,5
numpy,0.5769038846263591,5
numpy,0.4925176938188639,4
numpy,0.1952429877980445,1
numpy,0.7224521152615053,7
numpy,0.2807723624408558,2
numpy,0.02431596643145384,0
numpy,0.6454722959071678,6
numpy,0.17711067940704894,1
numpy,0.9404585843529143,9
numpy,0.9539285770025874,9
numpy,0.9148643902204485,9
numpy,0.3701587002554444,3
numpy,0.015456616528867428,0
numpy,0.9283185625877254,9
numpy,0.42818414831731433,4
numpy,0.9666548190436696,9
numpy,0.9636199770892528,9
numpy,0.8530094554673601,8
numpy,0.2944488920695857,2
numpy,0.38509772860192526,3
numpy,0.8511366715168569,8
numpy,0.31692200515627766,3
numpy,0.1694927466860925,1
numpy,0.5568012624583502,5
numpy,0.936154774160781,9
numpy,0.696029796674973,6
numpy,0.570061170089365,5
numpy,0.09717649377076854,0
numpy,0.6150072266991697,6
numpy,0.9900538501042633,9
numpy,0.14008401523652403,1
numpy,0.5183296523637367,5
numpy,0.8773730719279554,8
numpy,0.7407686177542044,7
numpy,0.697015740995268,6
numpy,0.7024840839871093,7
numpy,0.35949115121975517,3
numpy,0.29359184426449336,2
numpy,0.8093611554785136,8
numpy,0.8101133946791808,8
numpy,0.8670723185801037,8
numpy,0.9132405525564713,9
numpy,0.5113423988609378,5
numpy,0.5015162946871996,5
numpy,0.7982951789667752,7
numpy,0.6499639307777652,6
numpy,0.7019668772577033,7
numpy,0.795792669436101,7
numpy,0.8900053418175663,8
numpy,0.3379951568515358,3
numpy,0.375582952639944,3
numpy,0.093981939840869,0
numpy,0.578280140996174,5
numpy,0.035942273796742086,0
numpy,0.46559801813246016,4
numpy,0.5426446347075766,5
numpy,0.2865412521282844,2
numpy,0.5908332605690108,5
numpy,0.03050024993904943,0
numpy,0.03734818874921442,0
numpy,0.8226005606596583,8
numpy,0.3601906414112629,3
numpy,0.12706051265188478,1
numpy,0.5222432600548044,5
numpy,0.7699935530986108,7
numpy,0.21582102749684318,2
numpy,0.6228904758190003,6
numpy,0.085347464993768,0
numpy,0.0516817211686077,0
numpy,0.531354631568148,5
numpy,0.5406351216101065,5
numpy,0.6374299014982066,6
numpy,0.7260913337226615,7
numpy,0.9758520794625346,9
numpy,0.5163003483011953,5
numpy,0.32295647294124596,3
numpy,0.7951861947687037,7
numpy,0.2708322512620742,2
numpy,0.4389714207056361,4
numpy,0.07845638134226596,0
numpy,0.02535074341545751,0
numpy,0.9626484146779251,9
numpy,0.8359801205122058,8
numpy,0.695974206093698,6
numpy,0.4089529444142699,4
numpy,0.17329432007084578,1
numpy,0.15643704267108605,1
numpy,0.25024289816459533,2
numpy,0.5492266647061205,5
numpy,0.7145959227000623,7
numpy,0.6601973767177313,6
numpy,0.27993389694594284,2
numpy,0.9548652806631941,9
numpy,0.7378969166957685,7
numpy,0.5543540525114007,5
numpy,0.6117207462343522,6
numpy,0.4196000624277899,4
numpy,0.24773098950115746,2
numpy,0.3559726786512616,3
numpy,0.7578461104643691,7
numpy,0.014393488629755868,0
numpy,0.11607264050691624,1
numpy,0.04600264202175275,0
numpy,0.040728802318970136,0
numpy,0.8554605840110072,8
numpy,0.7036578593800237,7
numpy,0.4741738290873252,4
numpy,0.09783416065100148,0
numpy,0.49161587511683236,4
numpy,0.4734717707805657,4
numpy,0.17320186991001518,1
numpy,0.43385164923797304,4
numpy,0.39850473439737344,3
numpy,0.6158500980522165,6
numpy,0.6350936508676438,6
numpy,0.04530400977204452,0
numpy,0.3746126146264712,3
numpy,0.6258599157142364,6
numpy,0.5031362585800877,5
numpy,0.8564898411883223,8
numpy,0.658693631618945,6
numpy,0.1629344270814297,1
numpy,0.07056874740042984,0
numpy,0.6424192782063156,6
numpy,0.026511310541621813,0
numpy,0.5857755812734633,5
numpy,0.9402302414249576,9
numpy,0.575474177875879,5
numpy,0.3881699262065219,3
numpy,0.6432882184423532,6
numpy,0.45825289049151663,4
numpy,0.5456167893159349,5
numpy,0.9414648087765252,9
numpy,0.38610263780077425,3
numpy,0.9611905638239142,9
numpy,0.9053506419560637,9
numpy,0.19579113478929644,1
numpy,0.06936130087516545,0
numpy,0.10077800137742665,1
numpy,0.018221825651549728,0
numpy,0.0944429607559284,0
numpy,0.6830067734163568,6
numpy,0.07118864846022899,0
numpy,0.3189756302937613,3
numpy,0.8448753109694546,8
numpy,0.023271935735825866,0
numpy,0.8144684825889358,8
numpy,0.28185477477339993,2
numpy,0.11816482762165625,1
numpy,0.6967371653641506,6
numpy,0.628942846779884,6
numpy,0.877472013527053,8
numpy,0.7350710438038858,7
numpy,0.8034809303848486,8
numpy,0.2820345725713065,2
numpy,0.17743954377972282,1
numpy,0.7506147516408583,7
numpy,0.806834739267264,8
numpy,0.9905051420006733,9
numpy,0.4126176769114265,4
numpy,0.37201808579278317,3
numpy,0.7764129607419968,7
numpy,0.34080354025301784,3
numpy,0.9307573256035647,9
numpy,0.8584127518430118,8
numpy,0.42899402737501835,4
numpy,0.7508710677914974,7
numpy,0.7545428740846823,7
numpy,0.10312386883593261,1
numpy,0.9025529066795667,9
numpy,0.5052523724478571,5
numpy,0.8264574661077416,8
numpy,0.32004960103061175,3
numpy,0.8955232284962005,8
numpy,0.3892016787341631,3
numpy,0.01083765148029836,0
numpy,0.9053819764192637,9
numpy,0.09128667678613356,0
numpy,0.31931363759041487,3
numpy,0.9500619670508049,9
numpy,0.9506071469375561,9
numpy,0.5734378881232861,5
numpy,0.6318372121697993,6
numpy,0.44844552197831977,4
numpy,0.29321077169806453,2
numpy,0.32866454536991596,3
numpy,0.6725184560770384,6
numpy,0.75237452943768,7
numpy,0.7915790437258485,7
numpy,0.7896181427945539,7
numpy,0.09120610304869037,0
numpy,0.49442030470258147,4
numpy,0.057558760016644284,0
numpy,0.5495288823237355,5
numpy,0.441530501373377,4
numpy,0.8877041827582998,8
numpy,0.3509150125520787,3
numpy,0.11706701642760586,1
numpy,0.14299168205283586,1
numpy,0.7615106317174722,7
numpy,0.6182180633162611,6
numpy,0.10112267612279024,1
numpy,0.08410680611499743,0
numpy,0.70096913145912,7
numpy,0.07276300636419353,0
numpy,0.8218600592903562,8
numpy,0.7062422271564962,7
numpy,0.08134878064189976,0
numpy,0.08483771408519192,0
numpy,0.9866395785011755,9
numpy,0.3742707957561203,3
numpy,0.3706421470668909,3
numpy,0.8127995672575026,8
numpy,0.9472485773838587,9
numpy,0.9860010638228709,9
numpy,0.7533781852589416,7
numpy,0.37625958553091576,3
numpy,0.08350071669866876,0
numpy,0.7771469159274368,7
numpy,0.558404249735805,5
numpy,0.4242220092469763,4
numpy,0.906354385094736,9
numpy,0.11119748230615134,1
numpy,0.49262510429085915,4
numpy,0.011353644767419069,0
numpy,0.46866064199412627,4
numpy,0.05630327568183735,0
numpy,0.11881791626807192,1
numpy,0.11752624677710488,1
numpy,0.6492103021160636,6
numpy,0.7460448792654233,7
numpy,0.5833687650971596,5
numpy,0.9621725484745419,9
numpy,0.37487057952370406,3
numpy,0.28571208628186073,2
numpy,0.8685991281894603,8
numpy,0.22359583851945264,2
numpy,0.9632225394406113,9
numpy,0.012154474689816341,0
numpy,0.969878826707639,9
numpy,0.04315991195057611,0
numpy,0.8911431136980711,8
numpy,0.5277011090862999,5
numpy,0.9929647961193003,9
numpy,0.07379656473539886,0
numpy,0.5538542844013208,5
numpy,0.969302535619099,9
numpy,0.5230978441701488,5
numpy,0.6293986381352625,6
numpy,0.6957486889846172,6
numpy,0.45454106476777323,4
numpy,0.6275580800840634,6
numpy,0.5843143119231002,5
numpy,0.901158010490989,9
numpy,0.04544638034145787,0
numpy,0.2809631895922303,2
numpy,0.9504114840765587,9
numpy,0.8902637838909163,8
numpy,0.45565675278571294,4
numpy,0.6201325978015367,6
numpy,0.2773811829811327,2
numpy,0.1881211597237613,1
numpy,0.46369840493998216,4
numpy,0.3533522280260528,3
numpy,0.5836561118508721,5
numpy,0.07773463696498484,0
numpy,0.9743948076661665,9
numpy,0.9862107444796029,9
numpy,0.6981617140197451,6
numpy,0.5360963663441204,5
numpy,0.30952761628632774,3
numpy,0.8137950197069487,8
numpy,0.6847311725538793,6
numpy,0.1626169393448913,1
numpy,0.9109271844938425,9
numpy,0.822537242923169,8
numpy,0.949799913291924,9
numpy,0.72571950838836,7
numpy,0.6134151959357899,6
numpy,0.4182430362906189,4
numpy,0.9327284833540133,9
numpy,0.8660638895004084,8
numpy,0.04521867010618941,0
numpy,0.026366974497252005,0
numpy,0.3764633668780496,3
numpy,0.8105533307818329,8
numpy,0.9872761293149445,9
numpy,0.15041689110352818,1
numpy,0.5941307153521351,5
numpy,0.3808908566310215,3
numpy,0.9699143978146032,9
numpy,0.8421189231357087,8
numpy,0.8383287047111379,8
numpy,0.4686931597949703,4
numpy,0.4148195023376652,4
numpy,0.27340707193070624,2
numpy,0.056375496650927115,0
numpy,0.8647223762550532,8
numpy,0.8129010091300776,8
numpy,0.9997176732861306,9
numpy,0.9966368370739054,9
numpy,0.5554317056026274,5
numpy,0.7689874151805105,7
numpy,0.944765729882428,9
numpy,0.8496473906774115,8
numpy,0.24734810174319766,2
numpy,0.4505441353100935,4
numpy,0.12915941515149498,1
numpy,0.9540510272587224,9
numpy,0.60617463445088,6
numpy,0.22864280550346272,2
numpy,0.6717006844058567,6
numpy,0.6181282404578958,6
numpy,0.3581627180328405,3
numpy,0.11355759219962902,1
numpy,0.6715731955927996,6
numpy,0.5203077009037933,5
numpy,0.7723183917356393,7
numpy,0.5201635011119934,5
numpy,0.8521815003185401,8
numpy,0.5519068387744855,5
numpy,0.5609379715353863,5
numpy,0.876653602658345,8
numpy,0.40348286621239704,4
numpy,0.13401522845064073,1
numpy,0.028782676313338973,0
numpy,0.755137255673619,7
numpy,0.6203095513534647,6
numpy,0.7040797680992236,7
numpy,0.21296416150891073,2
numpy,0.13637147558676976,1
numpy,0.014544665667881929,0
numpy,0.350587558806597,3
numpy,0.5899176868546331,5
numpy,0.3922440450997323,3
numpy,0.43747492202372906,4
numpy,0.9041586944937484,9
numpy,0.34825546702330035,3
numpy,0.5139894891598108,5
numpy,0.7836530127411431,7
numpy,0.39654278232127016,3
numpy,0.6220867002278735,6
numpy,0.8623637087467452,8
numpy,0.9495206236576421,9
numpy,0.14707348092903794,1
numpy,0.9265876251614944,9
numpy,0.4921162930795382,4
numpy,0.25824438829895835,2
numpy,0.4591357562382613,4
numpy,0.980032575285477,9
numpy,0.4926180939928696,4
numpy,0.3287516102875082,3
numpy,0.6334008543167258,6
numpy,0.24014561877819307,2
numpy,0.07586332810866392,0
numpy,0.12887972191064923,1
numpy,0.12804583895777244,1
numpy,0.15190269351229435,1
numpy,0.13882717264941014,1
numpy,0.6408747448032146,6
numpy,0.18188008439914483,1
numpy,0.3456672833238632,3
numpy,0.8967884099060118,8
numpy,0.47396164026287235,4
numpy,0.6675577385210272,6
numpy,0.17231987120162984,1
numpy,0.19228901880867078,1
numpy,0.04086861626647886,0
numpy,0.16893506307216455,1
numpy,0.2785903390319586,2
numpy,0.17701048427674682,1
numpy,0.08870253375705561,0
numpy,0.12063587110060081,1
numpy,0.46077876803272577,4
numpy,0.2063337184057925,2
numpy,0.36426986104807546,3
numpy,0.5034172708548569,5
numpy,0.6903948286293653,6
numpy,0.039312139841098936,0
numpy,0.7994103989090426,7
numpy,0.6279003894909078,6
numpy,0.08175903194887191,0
numpy,0.8735786241067772,8
numpy,0.9208724005318132,9
numpy,0.06107795985486375,0
numpy,0.2768776481472037,2
numpy,0.8062012797930613,8
numpy,0.7482596903836584,7
numpy,0.18452101935637732,1
numpy,0.2093493233367103,2
numpy,0.370472102791382,3
numpy,0.4845229851910213,4
numpy,0.618254771530296,6
numpy,0.3689136395697724,3
numpy,0.4625347161331479,4
numpy,0.7474709381337565,7
numpy,0.0366832028905979,0
numpy,0.25243694434402075,2
numpy,0.7133495858845524,7
numpy,0.8952068376871993,8
numpy,0.5116774421156661,5
numpy,0.5321134852653157,5
numpy,0.10717201133977605,1
numpy,0.44741236682345464,4
numpy,0.5326172664550232,5
numpy,0.24247050363472966,2
numpy,0.26924323094938096,2
numpy,0.37728416310462265,3
numpy,0.02007119777772637,0
numpy,0.3220791655831783,3
numpy,0.21144800699654465,2
numpy,0.32749735217791465,3
numpy,0.11976213181925122,1
numpy,0.890527280739895,8
numpy,0.5935924535540487,5
numpy,0.6791023191444896,6
numpy,0.7891712386073383,7
numpy,0.4984421989290573,4
numpy,0.08692028808742369,0
numpy,0.5371065418185478,5
numpy,0.5868411180208791,5
numpy,0.74543947418433,7
numpy,0.4316595462296794,4
numpy,0.12758030279556376,1
numpy,0.28377590579872447,2
numpy,0.3630822963986351,3
numpy,0.6459172413316012,6
numpy,0.5707783046689119,5
numpy,0.35609672589784624,3
numpy,0.9865152487929797,9
numpy,0.6057748193568872,6
numpy,0.23722679173599448,2
numpy,0.10178247262040374,1
numpy,0.15285913918433203,1
numpy,0.24595772838450813,2
numpy,0.16068137325955567,1
numpy,0.18656702405130576,1
numpy,0.2850951686938471,2
numpy,0.17337359529475482,1
numpy,0.8967654246264252,8
numpy,0.08023374566164221,0
numpy,0.5245113895702547,5
numpy,0.4103968269896615,4
numpy,0.9823786169086064,9
numpy,0.11203890216805235,1
numpy,0.39785559904574164,3
numpy,0.9694704332753689,9
numpy,0.8655071258939803,8
numpy,0.8170720709492799,8
numpy,0.25790282704493983,2
numpy,0.17088758739006582,1
numpy,0.668643219924431,6
numpy,0.9293759891275858,9
numpy,0.5567628930139298,5
numpy,0.5716126894698998,5
numpy,0.2799790936602842,2
numpy,0.7694929331919369,7
numpy,0.18704374855752337,1
numpy,0.3236792364042437,3
numpy,0.4254364386164168,4
numpy,0.507610378684455,5
numpy,0.24240973241508024,2
numpy,0.11483682473920354,1
numpy,0.6106200424416326,6
numpy,0.28863055324025577,2
numpy,0.5812382214226123,5
numpy,0.1543627152742023,1
numpy,0.4811401018548175,4
numpy,0.5325894325515859,5
numpy,0.05182353682242691,0
numpy,0.3366042781939206,3
numpy,0.13441467693897424,1
numpy,0.06337497047276774,0
numpy,0.9899602323899452,9
numpy,0.32235384497472297,3
numpy,0.8098744458546349,8
numpy,0.25464065476376385,2
numpy,0.6815027222239293,6
numpy,0.7602278598896866,7
numpy,0.5956387406078443,5
numpy,0.47157618855015837,4
numpy,0.41184091414726853,4
numpy,0.3488682665429953,3
numpy,0.9295291442478258,9
numpy,0.8306194077877291,8
numpy,0.9650269106665126,9
numpy,0.12429722348554473,1
numpy,0.7308674752036443,7
numpy,0.9383404568210378,9
numpy,0.18123306616566015,1
numpy,0.0664962673667775,0
numpy,0.741120649290059,7
numpy,0.5744731131799119,5
numpy,0.8418287767582721,8
numpy,0.1397723766262895,1
numpy,0.7952673118598902,7
numpy,0.20162732004774453,2
numpy,0.1636559428657045,1
numpy,0.16426579793099294,1
numpy,0.8145747202313821,8
numpy,0.6651972206962001,6
numpy,0.5230654247691193,5
numpy,0.3588304841235025,3
numpy,0.8772005408131083,8
numpy,0.3924451074226354,3
numpy,0.8165994394715771,8
numpy,0.4391349085702184,4
numpy,0.3769444294249076,3
numpy,0.46267978566960644,4
numpy,0.3013778741641421,3
numpy,0.7476093801762511,7
numpy,0.5027203900924792,5
numpy,0.2322126951468173,2
numpy,0.8995745732745685,8
numpy,0.3838912213732114,3
numpy,0.5435528611139886,5
numpy,0.9064721109645469,9
numpy,0.6242379959139921,6
numpy,0.11689804070836407,1
numpy,0.9398321236134751,9
numpy,0.6277080530714179,6
numpy,0.3349056146570861,3
numpy,0.13927207266338726,1
numpy,0.794025189270296,7
numpy,0.6200727559285135,6
numpy,0.5334610919763215,5
numpy,0.8938925830509576,8
numpy,0.7885972112245307,7
numpy,0.15167487973275118,1
numpy,0.31172206779554823,3
numpy,0.24848913981446574,2
numpy,0.743946292572677,7
numpy,0.03353243473577938,0
numpy,0.5698896848713165,5
numpy,0.7624586857406905,7
numpy,0.8767656367617495,8
numpy,0.34208174871590746,3
numpy,0.8212573046720129,8
numpy,0.11063173695520723,1
numpy,0.8464522917345182,8
numpy,0.12748866233198242,1
numpy,0.39728729056036727,3
numpy,0.7972953657795536,7
numpy,0.14991742734877378,1
numpy,0.22925139523264149,2
numpy,0.7222525683930663,7
numpy,0.7200365365460744,7
numpy,0.6411476328852973,6
numpy,0.6939484444671,6
numpy,0.5427244433475962,5
numpy,0.25179905890695276,2
numpy,0.34569599350391944,3
numpy,0.18159771680142567,1
numpy,0.9084505613336283,9
numpy,0.5833917947661205,5
numpy,0.4008514167636399,4
numpy,0.4620058036441327,4
numpy,0.9472833396118153,9
numpy,0.1533514031160802,1
numpy,0.5862298320167972,5
numpy,0.505888678884466,5
numpy,0.6114542354346478,6
numpy,0.01811018382084051,0
numpy,0.8721239089441515,8
numpy,0.9321182824836124,9
numpy,0.5651331835892089,5
numpy,0.6966508238768923,6
numpy,0.9224993811772957,9
numpy,0.7072386343133986,7
numpy,0.15253904291426135,1
numpy,0.5762883601668132,5
numpy,0.6067150463828559,6
numpy,0.424130671302386,4
numpy,0.7364442356247228,7
numpy,0.9343670147690148,9
numpy,0.9255685129067763,9
numpy,0.4508393714041321,4
numpy,0.11323804584075525,1
numpy,0.9848411989623346,9
numpy,0.8388980864459341,8
numpy,0.12466268120326685,1
numpy,0.9208418826173723,9
numpy,0.8698963620621283,8
numpy,0.5188380571260721,5
numpy,0.5912754357449292,5
numpy,0.39900270387013026,3
numpy,0.05476163882203133,0
numpy,0.3351972416459009,3
numpy,0.8028534485980114,8
numpy,0.004632023004602859,0
numpy,0.3334991716911442,3
numpy,0.3981686935909433,3
numpy,0.5373956029379229,5
numpy,0.9198556164127605,9
numpy,0.34634599436596125,3
numpy,0.3469532018962277,3
numpy,0.7375012481097484,7
numpy,0.45221794088980716,4
numpy,0.22460482293998196,2
numpy,0.4524395161326934,4
numpy,0.14085702037979986,1
numpy,0.1763869865062233,1
numpy,0.49836777273947974,4
numpy,0.4189254495045479,4
numpy,0.9148459010681,9
numpy,0.3623938991166331,3
numpy,0.5805883502780435,5
numpy,0.6322642879195304,6
numpy,0.013094456588333636,0
numpy,0.6635373720167106,6
numpy,0.17803596686975143,1
numpy,0.9610703174694551,9
numpy,0.14866272775311296,1
numpy,0.41462412372702373,4
numpy,0.08534966807864386,0
numpy,0.9968742518459474,9
numpy,0.5021950103312426,5
numpy,0.5953850173200438,5
numpy,0.06707647738842748,0
numpy,0.7499604703991778,7
numpy,0.20990559309558576,2
numpy,0.8980542894407137,8
numpy,0.20513964048200717,2
numpy,0.19068772066366657,1
numpy,0.03654966784809488,0
numpy,0.47206694510999925,4
numpy,0.5648411332626164,5
numpy,0.06570863942835237,0
numpy,0.7755276166950106,7
numpy,0.4532888347480276,4
numpy,0.52439026932758,5
numpy,0.44076274693822814,4
numpy,0.400763060875326,4
numpy,0.5596403313082179,5
numpy,0.1552402459307125,1
numpy,0.18192813049527112,1
numpy,0.8617856210135173,8
numpy,0.9461154621336327,9
numpy,0.37330931627975295,3
numpy,0.27074467314355377,2
numpy,0.6439995432390158,6
numpy,0.4087341710980964,4
numpy,0.02538635566034486,0
numpy,0.15615259736619036,1
numpy,0.7159722288473975,7
numpy,0.6589239419101514,6
numpy,0.02709599250348349,0
numpy,0.22197216193294944,2
numpy,0.2310747965880714,2
numpy,0.6718927435987284,6
numpy,0.019710537754364155,0
numpy,0.10410858198457384,1
numpy,0.7999160853731894,7
numpy,0.1785446620543336,1
numpy,0.6527461078518747,6
numpy,0.23818278104672652,2
numpy,0.09944139275934516,0
numpy,0.24317219099945409,2
numpy,0.7222669318556592,7
numpy,0.8556964681062857,8
numpy,0.8302198645669916,8
numpy,0.3971835296184548,3
numpy,0.6680851365706462,6
numpy,0.20498429541582097,2
numpy,0.29314773026101326,2
numpy,0.8963358185211198,8
numpy,0.013001923510736035,0
numpy,0.08550853085446808,0
numpy,0.20788625514602732,2
numpy,0.026532203873819715,0
numpy,0.18143543508979731,1
numpy,0.5830415609696922,5
numpy,0.42142455059249795,4
numpy,0.8926717110769748,8
numpy,0.8174435617384409,8
numpy,0.34181735169787597,3
numpy,0.2594234334312925,2
numpy,0.3796924081672669,3
numpy,0.5902949425148077,5
numpy,0.26806364082287626,2
numpy,0.624148907849134,6
numpy,0.4094116521912404,4
numpy,0.5520471808519802,5
numpy,0.4361265291353167,4
numpy,0.29446575954191767,2
numpy,0.9484533069621567,9
numpy,0.7636057941597608,7
numpy,0.14011317576645255,1
numpy,0.8684679758979128,8
numpy,0.48743119824951364,4
numpy,0.8945522268940914,8
numpy,0.7998552559473152,7
numpy,0.42521350446923345,4
numpy,0.022469308320117398,0
numpy,0.2686773593849461,2
numpy,0.5416342146608669,5
numpy,0.6334782198261473,6
numpy,0.2578876854332023,2
numpy,0.13935607407282413,1
numpy,0.8349302367992991,8
numpy,0.9844021807035521,9
numpy,0.5256901823026858,5
numpy,0.1716792858483035,1
numpy,0.27230732651936895,2
numpy,0.018390676547466733,0
numpy,0.914298806560499,9
numpy,0.11775108289014113,1
numpy,0.5765164755142536,5
numpy,0.274055220687206,2
numpy,0.5541780025157934,5
numpy,0.6514203883518642,6
numpy,0.8297418037072016,8
numpy,0.2064212717606032,2
numpy,0.010995828658480478,0
numpy,0.13688563006880727,1
numpy,0.9000186418481051,9
numpy,0.8738900775625152,8
numpy,0.5974131021703083,5
numpy,0.6005168604336534,6
numpy,0.6650366745462555,6
numpy,0.1753712786234496,1
numpy,0.9144119459249598,9
numpy,0.4187705248920731,4
numpy,0.38313852824949746,3
numpy,0.5189177052828375,5
numpy,0.046965966775055046,0
numpy,0.1662833687560794,1
numpy,0.7380336164263704,7
numpy,0.08279866792512647,0
numpy,0.6031521094663882,6
numpy,0.24534910968132095,2
numpy,0.38929561404197655,3
numpy,0.28869373677069987,2
numpy,0.35567271646494913,3
numpy,0.7190459051842455,7
numpy,0.297121715623175,2
numpy,0.5664046402968972,5
numpy,0.47605040219909966,4
numpy,0.6636711653626481,6
numpy,0.936829739324758,9
numpy,0.7325720972102503,7
numpy,0.21494037859075676,2
numpy,0.031183135061284672,0
numpy,0.2622640442998251,2
numpy,0.5950779307002548,5
numpy,0.05142581348425035,0
numpy,0.49636624720123634,4
numpy,0.5968428489168892,5
numpy,0.3342438908169608,3
numpy,0.7709122037458219,7
numpy,0.1065982531337718,1
numpy,0.07513778173580876,0
numpy,0.7281887562036033,7
numpy,0.49549131620619846,4
numpy,0.688402396427736,6
numpy,0.4348273386037462,4
numpy,0.2464020332391068,2
numpy,0.8191023176741997,8
numpy,0.7994158789689793,7
numpy,0.6946964708544268,6
numpy,0.2721451372299627,2
numpy,0.5902306668690871,5
numpy,0.3609738969400268,3
numpy,0.09158207332663415,0
numpy,0.9173135754622428,9
numpy,0.1368186309189614,1
numpy,0.9502373538208024,9
numpy,0.44600577295795574,4
secrets,0.6343,6
secrets,0.2334,2
secrets,0.3039,3
secrets,0.7395,7
secrets,0.8463,8
secrets,0.604,6
secrets,0.3586,3
secrets,0.0266,0
secrets,0.6222,6
secrets,0.2231,2
secrets,0.7478,7
secrets,0.0038,0
secrets,0.3034,3
secrets,0.128,1
secrets,0.8172,8
secrets,0.113,1
secrets,0.1884,1
secrets,0.9662,9
secrets,0.6136,6
secrets,0.7981,7
secrets,0.5058,5
secrets,0.1787,1
secrets,0.2172,2
secrets,0.3168,3
secrets,0.7352,7
secrets,0.9652,9
secrets,0.31,3
secrets,0.2547,2
secrets,0.5997,5
secrets,0.0013,0
secrets,0.3471,3
secrets,0.6624,6
secrets,0.7784,7
secrets,0.9728,9
secrets,0.5675,5
secrets,0.63,6
secrets,0.0555,0
secrets,0.7643,7
secrets,0.5834,5
secrets,0.9586,9
secrets,0.8576,8
secrets,0.9828,9
secrets,0.278,2
secrets,0.8866,8
secrets,0.8794,8
secrets,0.6667,6
secrets,0.3467,3
secrets,0.6071,6
secrets,0.594,5
secrets,0.6139,6
secrets,0.2421,2
secrets,0.9231,9
secrets,0.203,2
secrets,0.792,7
secrets,0.5538,5
secrets,0.1219,1
secrets,0.1681,1
secrets,0.5718,5
secrets,0.0199,0
secrets,0.3281,3
secrets,0.3868,3
secrets,0.9215,9
secrets,0.4059,4
secrets,0.3465,3
secrets,0.3302,3
secrets,0.1554,1
secrets,0.7303,7
secrets,0.7646,7
secrets,0.0073,0
secrets,0.3444,3
secrets,0.8309,8
secrets,0.4732,4
secrets,0.6497,6
secrets,0.232,2
secrets,0.1857,1
secrets,0.7082,7
secrets,0.4844,4
secrets,0.3463,3
secrets,0.5718,5
secrets,0.5276,5
secrets,0.5692,5
secrets,0.5034,5
secrets,0.5908,5
secrets,0.7327,7
secrets,0.8604,8
secrets,0.5083,5
secrets,0.4476,4
secrets,0.1894,1
secrets,0.0197,0
secrets,0.2929,2
secrets,0.1305,1
secrets,0.0214,0
secrets,0.4055,4
secrets,0.3709,3
secrets,0.9296,9
secrets,0.6149,6
secrets,0.8264,8
secrets,0.8271,8
secrets,0.9541,9
secrets,0.3705,3
secrets,0.1961,1
secrets,0.0891,0
secrets,0.4316,4
secrets,0.5195,5
secrets,0.3143,3
secrets,0.7401,7
secrets,0.7474,7
secrets,0.6515,6
secrets,0.4552,4
secrets,0.1447,1
secrets,0.0203,0
secrets,0.7271,7
secrets,0.1496,1
secrets,0.0439,0
secrets,0.8456,8
secrets,0.0948,0
secrets,0.6813,6
secrets,0.7999,7
secrets,0.3801,3
secrets,0.718,7
secrets,0.296,2
secrets,0.8401,8
secrets,0.3534,3
secrets,0.1719,1
secrets,0.0204,0
secrets,0.1723,1
secrets,0.5853,5
secrets,0.797,7
secrets,0.9273,9
secrets,0.2347,2
secrets,0.6074,6
secrets,0.0841,0
secrets,0.8483,8
secrets,0.8373,8
secrets,0.3896,3
secrets,0.3641,3
secrets,0.7335,7
secrets,0.7425,7
secrets,0.1485,1
secrets,0.9186,9
secrets,0.7807,7
secrets,0.455,4
secrets,0.5933,5
secrets,0.1279,1
secrets,0.1499,1
secrets,0.3092,3
secrets,0.3255,3
secrets,0.7831,7
secrets,0.237,2
secrets,0.9549,9
secrets,0.0119,0
secrets,0.0424,0
secrets,0.4731,4
secrets,0.5667,5
secrets,0.5357,5
secrets,0.8174,8
secrets,0.1558,1
secrets,0.1713,1
secrets,0.4044,4
secrets,0.0395,0
secrets,0.9121,9
secrets,0.1674,1
secrets,0.0926,0
secrets,0.1414,1
secrets,0.2057,2
secrets,0.0627,0
secrets,0.3456,3
secrets,0.7699,7
secrets,0.7987,7
secrets,0.9711,9
secrets,0.7421,7
secrets,0.4924,4
secrets,0.2256,2
secrets,0.4512,4
secrets,0.1787,1
secrets,0.2606,2
secrets,0.4888,4
secrets,0.6729,6
secrets,0.6693,6
secrets,0.5068,5
secrets,0.5159,5
secrets,0.1914,1
secrets,0.8376,8
secrets,0.6527,6
secrets,0.1119,1
secrets,0.2907,2
secrets,0.7613,7
secrets,0.9536,9
secrets,0.3648,3
secrets,0.8288,8
secrets,0.9438,9
secrets,0.2892,2
secrets,0.122,1
secrets,0.2371,2
secrets,0.4943,4
secrets,0.4891,4
secrets,0.4865,4
secrets,0.4104,4
secrets,0.5381,5
secrets,0.9455,9
secrets,0.6472,6
secrets,0.5477,5
secrets,0.6853,6
secrets,0.3563,3
secrets,0.7009,7
secrets,0.5461,5
secrets,0.9673,9
secrets,0.5081,5
secrets,0.4336,4
secrets,0.6515,6
secrets,0.7027,7
secrets,0.7349,7
secrets,0.6594,6
secrets,0.592,5
secrets,0.1651,1
secrets,0.6455,6
secrets,0.1132,1
secrets,0.0171,0
secrets,0.5683,5
secrets,0.7681,7
secrets,0.5649,5
secrets,0.684,6
secrets,0.0146,0
secrets,0.3522,3
secrets,0.1413,1
secrets,0.7859,7
secrets,0.0321,0
secrets,0.0953,0
secrets,0.2675,2
secrets,0.7598,7
secrets,0.3688,3
secrets,0.8778,8
secrets,0.3918,3
secrets,0.6806,6
secrets,0.5697,5
secrets,0.9151,9
secrets,0.9538,9
secrets,0.7995,7
secrets,0.9843,9
secrets,0.7791,7
secrets,0.6514,6
secrets,0.4749,4
secrets,0.2823,2
secrets,0.8089,8
secrets,0.2966,2
secrets,0.3443,3
secrets,0.8899,8
secrets,0.747,7
secrets,0.3692,3
secrets,0.0471,0
secrets,0.4248,4
secrets,0.6616,6
secrets,0.2043,2
secrets,0.037,0
secrets,0.4592,4
secrets,0.2679,2
secrets,0.7428,7
secrets,0.8855,8
secrets,0.4317,4
secrets,0.3975,3
secrets,0.9096,9
secrets,0.6256,6
secrets,0.8581,8
secrets,0.841,8
secrets,0.9585,9
secrets,0.3303,3
secrets,0.3514,3
secrets,0.9942,9
secrets,0.8727,8
secrets,0.5329,5
secrets,0.035,0
secrets,0.2293,2
secrets,0.5847,5
secrets,0.3695,3
secrets,0.4997,4
secrets,0.4253,4
secrets,0.5516,5
secrets,0.6322,6
secrets,0.559,5
secrets,0.5607,5
secrets,0.4548,4
secrets,0.9057,9
secrets,0.169,1
secrets,0.2441,2
secrets,0.1137,1
secrets,0.7477,7
secrets,0.2037,2
secrets,0.8319,8
secrets,0.1335,1
secrets,0.202,2
secrets,0.6173,6
secrets,0.7874,7
secrets,0.8052,8
secrets,0.4799,4
secrets,0.1001,1
secrets,0.5769,5
secrets,0.3115,3
secrets,0.5257,5
secrets,0.6013,6
secrets,0.9988,9
secrets,0.0756,0
secrets,0.539,5
secrets,0.6085,6
secrets,0.5229,5
secrets,0.9862,9
secrets,0.7094,7
secrets,0.4904,4
secrets,0.7171,7
secrets,0.0835,0
secrets,0.5122,5
secrets,0.1728,1
secrets,0.6512,6
secrets,0.36,3
secrets,0.346,3
secrets,0.4926,4
secrets,0.291,2
secrets,0.4042,4
secrets,0.0643,0
secrets,0.8376,8
secrets,0.693,6
secrets,0.9182,9
secrets,0.0755,0
secrets,0.4053,4
secrets,0.6644,6
secrets,0.3387,3
secrets,0.8501,8
secrets,0.7966,7
secrets,0.318,3
secrets,0.6487,6
secrets,0.4687,4
secrets,0.8579,8
secrets,0.8497,8
secrets,0.2159,2
secrets,0.6208,6
secrets,0.6545,6
secrets,0.1691,1
secrets,0.0789,0
secrets,0.5898,5
secrets,0.2067,2
secrets,0.865,8
secrets,0.127,1
secrets,0.4369,4
secrets,0.1169,1
secrets,0.7757,7
secrets,0.397,3
secrets,0.6433,6
secrets,0.1955,1
secrets,0.5127,5
secrets,0.9413,9
secrets,0.5255,5
secrets,0.6315,6
secrets,0.5636,5
secrets,0.5369,5
secrets,0.9883,9
secrets,0.5894,5
secrets,0.7301,7
secrets,0.3012,3
secrets,0.8997,8
secrets,0.8263,8
secrets,0.4148,4
secrets,0.3527,3
secrets,0.5987,5
secrets,0.8897,8
secrets,0.9823,9
secrets,0.7363,7
secrets,0.8691,8
secrets,0.6529,6
secrets,0.3655,3
secrets,0.5505,5
secrets,0.8693,8
secrets,0.1546,1
secrets,0.7192,7
secrets,0.0757,0
secrets,0.9253,9
secrets,0.8138,8
secrets,0.6624,6
secrets,0.2032,2
secrets,0.3217,3
secrets,0.2489,2
secrets,0.4998,4
secrets,0.3411,3
secrets,0.0877,0
secrets,0.6368,6
secrets,0.9574,9
secrets,0.2546,2
secrets,0.0218,0
secrets,0.9621,9
secrets,0.792,7
secrets,0.3626,3
secrets,0.4802,4
secrets,0.3966,3
secrets,0.0512,0
secrets,0.9214,9
secrets,0.706,7
secrets,0.0699,0
secrets,0.2387,2
secrets,0.4346,4
secrets,0.6106,6
secrets,0.8076,8
secrets,0.9942,9
secrets,0.0202,0
secrets,0.8439,8
secrets,0.4974,4
secrets,0.9494,9
secrets,0.7888,7
secrets,0.6556,6
secrets,0.5893,5
secrets,0.4341,4
secrets,0.0995,0
secrets,0.7065,7
secrets,0.7988,7
secrets,0.9396,9
secrets,0.0362,0
secrets,0.8714,8
secrets,0.3478,3
secrets,0.7608,7
secrets,0.9246,9
secrets,0.9274,9
secrets,0.955,9
secrets,0.3563,3
secrets,0.2872,2
secrets,0.7655,7
secrets,0.9826,9
secrets,0.5147,5
secrets,0.3017,3
secrets,0.3178,3
secrets,0.8724,8
secrets,0.6241,6
secrets,0.3859,3
secrets,0.1633,1
secrets,0.038,0
secrets,0.1363,1
secrets,0.3493,3
secrets,0.9078,9
secrets,0.8509,8
secrets,0.526,5
secrets,0.7787,7
secrets,0.305,3
secrets,0.9853,9
secrets,0.6754,6
secrets,0.9289,9
secrets,0.369,3
secrets,0.2119,2
secrets,0.2048,2
secrets,0.5528,5
secrets,0.8671,8
secrets,0.153,1
secrets,0.2785,2
secrets,0.6969,6
secrets,0.6562,6
secrets,0.4461,4
secrets,0.3342,3
secrets,0.4991,4
secrets,0.7697,7
secrets,0.5278,5
secrets,0.1077,1
secrets,0.5327,5
secrets,0.5484,5
secrets,0.261,2
secrets,0.9172,9
secrets,0.7034,7
secrets,0.8476,8
secrets,0.876,8
secrets,0.5579,5
secrets,0.2561,2
secrets,0.811,8
secrets,0.2456,2
secrets,0.9895,9
secrets,0.0102,0
secrets,0.3924,3
secrets,0.2659,2
secrets,0.7581,7
secrets,0.7529,7
secrets,0.5286,5
secrets,0.5204,5
secrets,0.7742,7
secrets,0.2165,2
secrets,0.3786,3
secrets,0.9588,9
secrets,0.3848,3
secrets,0.9293,9
secrets,0.4045,4
secrets,0.6697,6
secrets,0.1043,1
secrets,0.9282,9
secrets,0.6182,6
secrets,0.6478,6
secrets,0.2442,2
secrets,0.9165,9
secrets,0.6929,6
secrets,0.9118,9
secrets,0.1536,1
secrets,0.7888,7
secrets,0.1151,1
secrets,0.2857,2
secrets,0.5529,5
secrets,0.6682,6
secrets,0.6013,6
secrets,0.7553,7
secrets,0.0014,0
secrets,0.2504,2
secrets,0.2563,2
secrets,0.5138,5
secrets,0.2888,2
secrets,0.7211,7
secrets,0.3478,3
secrets,0.3577,3
secrets,0.5768,5
secrets,0.915,9
secrets,0.0698,0
secrets,0.6156,6
secrets,0.69,6
secrets,0.2564,2
secrets,0.0457,0
secrets,0.3136,3
secrets,0.2255,2
secrets,0.7261,7
secrets,0.3929,3
secrets,0.5974,5
secrets,0.8148,8
secrets,0.2958,2
secrets,0.9307,9
secrets,0.0246,0
secrets,0.8508,8
secrets,0.2827,2
secrets,0.4386,4
secrets,0.5096,5
secrets,0.1179,1
secrets,0.6732,6
secrets,0.3565,3
secrets,0.0331,0
secrets,0.9098,9
secrets,0.7614,7
secrets,0.2837,2
secrets,0.0373,0
secrets,0.6663,6
secrets,0.6218,6
secrets,0.9612,9
secrets,0.2504,2
secrets,0.7955,7
secrets,0.6063,6
secrets,0.6039,6
secrets,0.1355,1
secrets,0.8795,8
secrets,0.6149,6
secrets,0.3235,3
secrets,0.2817,2
secrets,0.1914,1
secrets,0.0156,0
secrets,0.5555,5
secrets,0.4673,4
secrets,0.1462,1
secrets,0.7314,7
secrets,0.5775,5
secrets,0.9495,9
secrets,0.688,6
secrets,0.5794,5
secrets,0.5795,5
secrets,0.1901,1
secrets,0.9362,9
secrets,0.9265,9
secrets,0.9309,9
secrets,0.8147,8
secrets,0.9534,9
secrets,0.4289,4
secrets,0.714,7
secrets,0.2195,2
secrets,0.0321,0
secrets,0.4081,4
secrets,0.0117,0
secrets,0.4978,4
secrets,0.9299,9
secrets,0.8044,8
secrets,0.1917,1
secrets,0.098,0
secrets,0.5915,5
secrets,0.833,8
secrets,0.3094,3
secrets,0.8144,8
secrets,0.8263,8
secrets,0.5817,5
secrets,0.5097,5
secrets,0.097,0
secrets,0.4809,4
secrets,0.8757,8
secrets,0.316,3
secrets,0.0635,0
secrets,0.7323,7
secrets,0.9784,9
secrets,0.3462,3
secrets,0.763,7
secrets,0.947,9
secrets,0.7501,7
secrets,0.0795,0
secrets,0.4494,4
secrets,0.4782,4
secrets,0.2048,2
secrets,0.7115,7
secrets,0.206,2
secrets,0.6026,6
secrets,0.317,3
secrets,0.8415,8
secrets,0.7072,7
secrets,0.1695,1
secrets,0.9291,9
secrets,0.3235,3
secrets,0.9312,9
secrets,0.001,0
secrets,0.1829,1
secrets,0.1457,1
secrets,0.1359,1
secrets,0.9547,9
secrets,0.4579,4
secrets,0.3471,3
secrets,0.1682,1
secrets,0.348,3
secrets,0.2538,2
secrets,0.6927,6
secrets,0.2083,2
secrets,0.6068,6
secrets,0.9252,9
secrets,0.3094,3
secrets,0.9143,9
secrets,0.2107,2
secrets,0.5804,5
secrets,0.4277,4
secrets,0.2178,2
secrets,0.122,1
secrets,0.0301,0
secrets,0.2081,2
secrets,0.2521,2
secrets,0.3251,3
secrets,0.0576,0
secrets,0.5337,5
secrets,0.5022,5
secrets,0.9871,9
secrets,0.1572,1
secrets,0.8261,8
secrets,0.1599,1
secrets,0.7124,7
secrets,0.3069,3
secrets,0.1978,1
secrets,0.9478,9
secrets,0.0337,0
secrets,0.414,4
secrets,0.2163,2
secrets,0.2855,2
secrets,0.387,3
secrets,0.219,2
secrets,0.3403,3
secrets,0.331,3
secrets,0.129,1
secrets,0.3524,3
secrets,0.7152,7
secrets,0.6178,6
secrets,0.4511,4
secrets,0.9734,9
secrets,0.0639,0
secrets,0.59,5
secrets,0.4034,4
secrets,0.3009,3
secrets,0.6113,6
secrets,0.4904,4
secrets,0.7662,7
secrets,0.6341,6
secrets,0.5758,5
secrets,0.9796,9
secrets,0.7605,7
secrets,0.864,8
secrets,0.9002,9
secrets,0.538,5
secrets,0.4069,4
secrets,0.6795,6
secrets,0.1092,1
secrets,0.6265,6
secrets,0.6906,6
secrets,0.0351,0
secrets,0.7286,7
secrets,0.3576,3
secrets,0.8438,8
secrets,0.7381,7
secrets,0.9142,9
secrets,0.6726,6
secrets,0.8226,8
secrets,0.9921,9
secrets,0.6027,6
secrets,0.4254,4
secrets,0.7628,7
secrets,0.8349,8
secrets,0.7105,7
secrets,0.076,0
secrets,0.8437,8
secrets,0.2915,2
secrets,0.6532,6
secrets,0.6471,6
secrets,0.8197,8
secrets,0.7028,7
secrets,0.5823,5
secrets,0.6059,6
secrets,0.2536,2
secrets,0.2197,2
secrets,0.02,0
secrets,0.3854,3
secrets,0.5136,5
secrets,0.8666,8
secrets,0.7531,7
secrets,0.4228,4
secrets,0.5651,5
secrets,0.6584,6
secrets,0.8036,8
secrets,0.2518,2
secrets,0.7238,7
secrets,0.8364,8
secrets,0.3412,3
secrets,0.0151,0
secrets,0.399,3
secrets,0.1202,1
secrets,0.8033,8
secrets,0.6887,6
secrets,0.2025,2
secrets,0.9436,9
secrets,0.6683,6
secrets,0.5306,5
secrets,0.443,4
secrets,0.286,2
secrets,0.5557,5
secrets,0.6664,6
secrets,0.3008,3
secrets,0.989,9
secrets,0.649,6
secrets,0.7359,7
secrets,0.2433,2
secrets,0.4223,4
secrets,0.6056,6
secrets,0.7115,7
secrets,0.4332,4
secrets,0.0258,0
secrets,0.9033,9
secrets,0.5982,5
secrets,0.2035,2
secrets,0.4752,4
secrets,0.324,3
secrets,0.0553,0
secrets,0.6068,6
secrets,0.7249,7
secrets,0.7735,7
secrets,0.171,1
secrets,0.6397,6
secrets,0.9199,9
secrets,0.4634,4
secrets,0.3514,3
secrets,0.0364,0
secrets,0.3954,3
secrets,0.0447,0
secrets,0.6337,6
secrets,0.7717,7
secrets,0.182,1
secrets,0.7589,7
secrets,0.1047,1
secrets,0.123,1
secrets,0.9529,9
secrets,0.4586,4
secrets,0.8664,8
secrets,0.7137,7
secrets,0.0137,0
secrets,0.7804,7
secrets,0.1227,1
secrets,0.7188,7
secrets,0.0789,0
secrets,0.9303,9
secrets,0.5208,5
secrets,0.6379,6
secrets,0.2335,2
secrets,0.1577,1
secrets,0.7518,7
secrets,0.652,6
secrets,0.2645,2
secrets,0.9056,9
secrets,0.6997,6
secrets,0.3149,3
secrets,0.3405,3
secrets,0.6049,6
secrets,0.8088,8
secrets,0.7865,7
secrets,0.2196,2
secrets,0.0669,0
secrets,0.5079,5
secrets,0.3508,3
secrets,0.6856,6
secrets,0.5745,5
secrets,0.1327,1
secrets,0.0033,0
secrets,0.6813,6
secrets,0.1646,1
secrets,0.2065,2
secrets,0.1536,1
secrets,0.8349,8
secrets,0.8013,8
secrets,0.5932,5
secrets,0.0164,0
secrets,0.4281,4
secrets,0.3513,3
secrets,0.277,2
secrets,0.5718,5
secrets,0.8907,8
secrets,0.8802,8
secrets,0.8527,8
secrets,0.5233,5
secrets,0.8708,8
secrets,0.57,5
secrets,0.4234,4
secrets,0.7805,7
secrets,0.5583,5
secrets,0.5037,5
secrets,0.1314,1
secrets,0.7956,7
secrets,0.1752,1
secrets,0.5288,5
secrets,0.7805,7
secrets,0.5,4
secrets,0.2424,2
secrets,0.6145,6
secrets,0.4133,4
secrets,0.4562,4
secrets,0.5047,5
secrets,0.9557,9
secrets,0.6865,6
secrets,0.314,3
secrets,0.2332,2
secrets,0.7894,7
secrets,0.8124,8
secrets,0.9702,9
secrets,0.8361,8
secrets,0.1158,1
secrets,0.3139,3
secrets,0.6794,6
secrets,0.8663,8
secrets,0.8512,8
secrets,0.4311,4
secrets,0.9372,9
secrets,0.7531,7
secrets,0.6923,6
secrets,0.4351,4
secrets,0.8946,8
secrets,0.9654,9
secrets,0.3135,3
secrets,0.9284,9
secrets,0.1122,1
secrets,0.9177,9
secrets,0.3808,3
secrets,0.9291,9
secrets,0.496,4
secrets,0.7117,7
secrets,0.1649,1
secrets,0.9186,9
secrets,0.7404,7
secrets,0.6131,6
secrets,0.3749,3
secrets,0.1356,1
secrets,0.1015,1
secrets,0.4815,4
secrets,0.6862,6
secrets,0.7071,7
secrets,0.5623,5
secrets,0.245,2
secrets,0.3973,3
secrets,0.2387,2
secrets,0.6489,6
secrets,0.8635,8
secrets,0.279,2
secrets,0.3764,3
secrets,0.5692,5
secrets,0.105,1
secrets,0.2636,2
secrets,0.0125,0
secrets,0.8388,8
secrets,0.2159,2
secrets,0.0677,0
secrets,0.3116,3
secrets,0.3827,3
secrets,0.7395,7
secrets,0.123,1
secrets,0.9896,9
secrets,0.7408,7
secrets,0.8469,8
secrets,0.1915,1
secrets,0.0724,0
secrets,0.6796,6
secrets,0.8902,8
secrets,0.7365,7
secrets,0.7165,7
secrets,0.5056,5
secrets,0.3744,3
secrets,0.0951,0
secrets,0.8555,8
secrets,0.0471,0
secrets,0.6935,6
secrets,0.8959,8
secrets,0.2725,2
secrets,0.5313,5
secrets,0.8857,8
secrets,0.9858,9
secrets,0.874,8
secrets,0.1245,1
secrets,0.4534,4
secrets,0.4144,4
secrets,0.4492,4
secrets,0.4637,4
secrets,0.3282,3
secrets,0.8031,8
secrets,0.2631,2
secrets,0.3542,3
secrets,0.3774,3
secrets,0.7664,7
secrets,0.4323,4
secrets,0.2278,2
secrets,0.9693,9
secrets,0.2601,2
secrets,0.3223,3
secrets,0.6737,6
secrets,0.1436,1
secrets,0.6,5
secrets,0.242,2
secrets,0.265,2
secrets,0.3856,3
secrets,0.9042,9
secrets,0.5452,5
secrets,0.9247,9
secrets,0.4817,4
secrets,0.0774,0
secrets,0.7299,7
secrets,0.3171,3
secrets,0.2949,2
secrets,0.2984,2
secrets,0.7824,7
secrets,0.0034,0
secrets,0.5605,5
secrets,0.7634,7
secrets,0.0041,0
secrets,0.9531,9
secrets,0.864,8
secrets,0.3743,3
secrets,0.265,2
secrets,0.3106,3
secrets,0.1341,1
secrets,0.3013,3
secrets,0.2908,2
secrets,0.2315,2
secrets,0.5242,5
secrets,0.4633,4
secrets,0.4363,4
secrets,0.3167,3
secrets,0.2455,2
secrets,0.779,7
secrets,0.541,5
secrets,0.4004,4
secrets,0.3682,3
secrets,0.9908,9
secrets,0.322,3
secrets,0.7594,7
secrets,0.9173,9
secrets,0.2536,2
secrets,0.9588,9
secrets,0.8864,8
secrets,0.7889,7
secrets,0.0476,0
secrets,0.9776,9
secrets,0.0503,0
secrets,0.0165,0
secrets,0.041,0
secrets,0.4104,4
secrets,0.5959,5
secrets,0.671,6
secrets,0.2983,2
secrets,0.6353,6
secrets,0.0105,0
secrets,0.8619,8
secrets,0.1325,1
secrets,0.5533,5
secrets,0.5046,5
secrets,0.2525,2
secrets,0.2955,2
secrets,0.2027,2
secrets,0.6017,6
secrets,0.5975,5
secrets,0.6837,6
secrets,0.7147,7
secrets,0.6755,6
secrets,0.6056,6
secrets,0.6167,6
secrets,0.568,5
secrets,0.7413,7
secrets,0.8028,8
secrets,0.1009,1
secrets,0.3009,3
secrets,0.3107,3
secrets,0.9528,9
secrets,0.9398,9
secrets,0.5795,5
secrets,0.933,9
